id,name,p_a,p_b,p_c,q_a,q_b,q_c,s_a_max,s_b_max,s_c_max,p_s1,p_s2,q_s1,q_s2,s_s1_max,s_s2_max,primary_phase,phases,q_a_max,q_b_max,q_c_max,q_a_min,q_b_min,q_c_min,q_s1_max,q_s2_max,q_s1_min,q_s2_min,control_variable,gen_shape
323,pv_1087,0.0,0.0,0.0,0.0,0.0,0.0,0.0,0.0,0.0,0.004435,0.004435,0.00333665626039,0.00333665626039,0.00555,0.00555,a,s1s2,0.0,0.0,0.0,0.0,0.0,0.0,0.00555,0.00555,-0.00555,-0.00555,P,PV
357,pv_1053,0.0,0.0,0.0,0.0,0.0,0.0,0.0,0.0,0.0,0.00266,0.00266,0.0020363938715287,0.0020363938715287,0.00335,0.00335,a,s1s2,0.0,0.0,0.0,0.0,0.0,0.0,0.00335,0.00335,-0.00335,-0.00335,P,PV
383,pv_1071,0.0,0.0,0.0,0.0,0.0,0.0,0.0,0.0,0.0,0.00266,0.00266,0.0020363938715287,0.0020363938715287,0.00335,0.00335,a,s1s2,0.0,0.0,0.0,0.0,0.0,0.0,0.00335,0.00335,-0.00335,-0.00335,P,PV
385,pv_1001,0.0,0.0,0.0,0.0,0.0,0.0,0.0,0.0,0.0,0.00266,0.00266,0.0019530488985173,0.0019530488985173,0.0033,0.0033,a,s1s2,0.0,0.0,0.0,0.0,0.0,0.0,0.0033,0.0033,-0.0033,-0.0033,P,PV
387,pv_1107,0.0,0.0,0.0,0.0,0.0,0.0,0.0,0.0,0.0,0.00266,0.00266,0.0020363938715287,0.0020363938715287,0.00335,0.00335,a,s1s2,0.0,0.0,0.0,0.0,0.0,0.0,0.00335,0.00335,-0.00335,-0.00335,P,PV
411,pv_1169,0.0,0.0,0.0,0.0,0.0,0.0,0.0,0.0,0.0,0.00266,0.00266,0.0020363938715287,0.0020363938715287,0.00335,0.00335,a,s1s2,0.0,0.0,0.0,0.0,0.0,0.0,0.00335,0.00335,-0.00335,-0.00335,P,PV
417,pv_1037,0.0,0.0,0.0,0.0,0.0,0.0,0.0,0.0,0.0,0.00266,0.00266,0.0020363938715287,0.0020363938715287,0.00335,0.00335,a,s1s2,0.0,0.0,0.0,0.0,0.0,0.0,0.00335,0.00335,-0.00335,-0.00335,P,PV
543,pv_1177,0.0,0.0,0.0,0.0,0.0,0.0,0.0,0.0,0.0,0.007295,0.007295,0.0055231761695604,0.0055231761695604,0.00915,0.00915,b,s1s2,0.0,0.0,0.0,0.0,0.0,0.0,0.00915,0.00915,-0.00915,-0.00915,P,PV
564,pv_1081,0.0,0.0,0.0,0.0,0.0,0.0,0.0,0.0,0.0,0.005085,0.005085,-0.0038033242039039,-0.0038033242039037,0.00635,0.00635,c,s1s2,0.0,0.0,0.0,0.0,0.0,0.0,0.00635,0.00635,-0.00635,-0.00635,P,PV
655,pv_1115,0.0,0.0,0.0,0.0,0.0,0.0,0.0,0.0,0.0,0.00665,0.00665,0.005049752469181,0.005049752469181,0.00835,0.00835,a,s1s2,0.0,0.0,0.0,0.0,0.0,0.0,0.00835,0.00835,-0.00835,-0.00835,P,PV
760,pv_1043,0.0,0.0,0.0,0.0,0.0,0.0,0.0,0.0,0.0,0.00292,0.00292,0.00219,0.00219,0.00365,0.00365,b,s1s2,0.0,0.0,0.0,0.0,0.0,0.0,0.00365,0.00365,-0.00365,-0.00365,P,PV
768,pv_1003,0.0,0.0,0.0,0.0,0.0,0.0,0.0,0.0,0.0,0.009725,0.009725,0.0072833285659786,0.0072833285659786,0.01215,0.01215,b,s1s2,0.0,0.0,0.0,0.0,0.0,0.0,0.01215,0.01215,-0.01215,-0.01215,P,PV
776,pv_1015,0.0,0.0,0.0,0.0,0.0,0.0,0.0,0.0,0.0,0.00292,0.00292,0.00219,0.00219,0.00365,0.00365,b,s1s2,0.0,0.0,0.0,0.0,0.0,0.0,0.00365,0.00365,-0.00365,-0.00365,P,PV
872,pv_1173,0.0,0.0,0.0,0.0,0.0,0.0,0.0,0.0,0.0,0.00292,0.00292,0.0021900000000057,0.00219,0.00365,0.00365,b,s1s2,0.0,0.0,0.0,0.0,0.0,0.0,0.00365,0.00365,-0.00365,-0.00365,P,PV
879,pv_1057,0.0,0.0,0.0,0.0,0.0,0.0,0.0,0.0,0.0,0.004865,0.004865,0.0035964253085529,0.0035964253085529,0.00605,0.00605,b,s1s2,0.0,0.0,0.0,0.0,0.0,0.0,0.00605,0.00605,-0.00605,-0.00605,P,PV
915,pv_1159,0.0,0.0,0.0,0.0,0.0,0.0,0.0,0.0,0.0,0.001775,0.001775,0.0012997595931555,0.0012997595931555,0.0022,0.0022,a,s1s2,0.0,0.0,0.0,0.0,0.0,0.0,0.0022,0.0022,-0.0022,-0.0022,P,PV
936,pv_1153,0.0,0.0,0.0,0.0,0.0,0.0,0.0,0.0,0.0,0.004435,0.004435,0.00333665626039,0.0033366562606208,0.00555,0.00555,a,s1s2,0.0,0.0,0.0,0.0,0.0,0.0,0.00555,0.00555,-0.00555,-0.00555,P,PV
982,pv_1091,0.0,0.0,0.0,0.0,0.0,0.0,0.0,0.0,0.0,0.001775,0.001775,0.0013827056809024,0.0013827056809024,0.00225,0.00225,a,s1s2,0.0,0.0,0.0,0.0,0.0,0.0,0.00225,0.00225,-0.00225,-0.00225,P,PV
1005,pv_1103,0.0,0.0,0.0,0.0,0.0,0.0,0.0,0.0,0.0,0.004435,0.004435,0.00333665626039,0.00333665626039,0.00555,0.00555,a,s1s2,0.0,0.0,0.0,0.0,0.0,0.0,0.00555,0.00555,-0.00555,-0.00555,P,PV
1007,pv_1167,0.0,0.0,0.0,0.0,0.0,0.0,0.0,0.0,0.0,0.00266,0.00266,0.0020363938715287,0.0020363938715287,0.00335,0.00335,a,s1s2,0.0,0.0,0.0,0.0,0.0,0.0,0.00335,0.00335,-0.00335,-0.00335,P,PV
1044,pv_1059,0.0,0.0,0.0,0.0,0.0,0.0,0.0,0.0,0.0,0.005085,0.005085,-0.0038033242039037,-0.0038033242039037,0.00635,0.00635,c,s1s2,0.0,0.0,0.0,0.0,0.0,0.0,0.00635,0.00635,-0.00635,-0.00635,P,PV
1053,pvfarm1,0.1666666666666666,0.1666666666666666,0.1666666666666666,0.1863389981249825,0.1863389981249825,-0.1863389981249825,0.25,0.25,0.25,0.0,0.0,0.0,0.0,0.0,0.0,,abc,0.25,0.25,0.25,-0.25,-0.25,-0.25,0.0,0.0,0.0,0.0,P,PV
1398,steamgen1,0.3333333333333333,0.3333333333333333,0.3333333333333333,0.109087994999324,0.0084392572384662,0.5235070612688283,1.3333333333333333,1.3333333333333333,1.3333333333333333,0.0,0.0,0.0,0.0,0.0,0.0,,abc,1.3333333333333333,1.3333333333333333,1.3333333333333333,-1.3333333333333333,-1.3333333333333333,-1.3333333333333333,0.0,0.0,0.0,0.0,P,PV
2129,pv_1073,0.0,0.0,0.0,0.0,0.0,0.0,0.0,0.0,0.0,0.00266,0.00266,0.0020363938715287,0.0020363938715287,0.00335,0.00335,a,s1s2,0.0,0.0,0.0,0.0,0.0,0.0,0.00335,0.00335,-0.00335,-0.00335,P,PV
2183,pv_1063,0.0,0.0,0.0,0.0,0.0,0.0,0.0,0.0,0.0,0.00887,0.00887,0.0065898103159347,0.0065898103159347,0.01105,0.01105,a,s1s2,0.0,0.0,0.0,0.0,0.0,0.0,0.01105,0.01105,-0.01105,-0.01105,P,PV
2187,pv_1049,0.0,0.0,0.0,0.0,0.0,0.0,0.0,0.0,0.0,0.01017,0.01017,-0.0076066484078074,-0.0076066484078074,0.0127,0.0127,c,s1s2,0.0,0.0,0.0,0.0,0.0,0.0,0.0127,0.0127,-0.0127,-0.0127,P,PV
2193,pv_1069,0.0,0.0,0.0,0.0,0.0,0.0,0.0,0.0,0.0,0.00305,0.00305,-0.0023494680248941,-0.0023494680248941,0.00385,0.00385,c,s1s2,0.0,0.0,0.0,0.0,0.0,0.0,0.00385,0.00385,-0.00385,-0.00385,P,PV
2247,pv_1163,0.0,0.0,0.0,0.0,0.0,0.0,0.0,0.0,0.0,0.00266,0.00266,0.0020363938715287,0.0020363938715287,0.00335,0.00335,a,s1s2,0.0,0.0,0.0,0.0,0.0,0.0,0.00335,0.00335,-0.00335,-0.00335,P,PV
2268,pv_1075,0.0,0.0,0.0,0.0,0.0,0.0,0.0,0.0,0.0,0.00305,0.00305,-0.0022666053913286,-0.0022666053913286,0.0038,0.0038,c,s1s2,0.0,0.0,0.0,0.0,0.0,0.0,0.0038,0.0038,-0.0038,-0.0038,P,PV
2303,pv_1077,0.0,0.0,0.0,0.0,0.0,0.0,0.0,0.0,0.0,0.005085,0.005085,-0.0038862288918693,-0.0038862288918693,0.0064,0.0064,c,s1s2,0.0,0.0,0.0,0.0,0.0,0.0,0.0064,0.0064,-0.0064,-0.0064,P,PV
2362,pv_1067,0.0,0.0,0.0,0.0,0.0,0.0,0.0,0.0,0.0,0.00305,0.00305,0.0022666053913286,0.0022666053913286,0.0038,0.0038,c,s1s2,0.0,0.0,0.0,0.0,0.0,0.0,0.0038,0.0038,-0.0038,-0.0038,P,PV
2385,pv_1033,0.0,0.0,0.0,0.0,0.0,0.0,0.0,0.0,0.0,0.002035,0.002035,-0.0015366440706943,-0.0015366440706943,0.00255,0.00255,c,s1s2,0.0,0.0,0.0,0.0,0.0,0.0,0.00255,0.00255,-0.00255,-0.00255,P,PV
2396,pv_1165,0.0,0.0,0.0,0.0,0.0,0.0,0.0,0.0,0.0,0.002035,0.002035,-0.0015366440706943,-0.0015366440706943,0.00255,0.00255,c,s1s2,0.0,0.0,0.0,0.0,0.0,0.0,0.00255,0.00255,-0.00255,-0.00255,P,PV
2426,pv_1011,0.0,0.0,0.0,0.0,0.0,0.0,0.0,0.0,0.0,0.002035,0.002035,-0.0015366440706943,-0.0015366440706943,0.00255,0.00255,c,s1s2,0.0,0.0,0.0,0.0,0.0,0.0,0.00255,0.00255,-0.00255,-0.00255,P,PV
2434,pv_1099,0.0,0.0,0.0,0.0,0.0,0.0,0.0,0.0,0.0,0.005085,0.005085,-0.0038033687891054,-0.0038033242039037,0.00635,0.00635,c,s1s2,0.0,0.0,0.0,0.0,0.0,0.0,0.00635,0.00635,-0.00635,-0.00635,P,PV
2450,microturb-4,0.0333333333333333,0.0333333333333333,0.0333333333333333,-0.0763762615825973,-0.0763762615825973,-0.0763762615825973,0.0833333333333333,0.0833333333333333,0.0833333333333333,0.0,0.0,0.0,0.0,0.0,0.0,,abc,0.0833333333333333,0.0833333333333333,0.0833333333333333,-0.0833333333333333,-0.0833333333333333,-0.0833333333333333,0.0,0.0,0.0,0.0,P,PV
2508,pv_1145,0.0,0.0,0.0,0.0,0.0,0.0,0.0,0.0,0.0,0.005085,0.005085,-0.0038033242039037,-0.0038033242039037,0.00635,0.00635,c,s1s2,0.0,0.0,0.0,0.0,0.0,0.0,0.00635,0.00635,-0.00635,-0.00635,P,PV
2536,pv_1105,0.0,0.0,0.0,0.0,0.0,0.0,0.0,0.0,0.0,0.004435,0.004435,-0.0032528103233972,-0.0032528103233972,0.0055,0.0055,a,s1s2,0.0,0.0,0.0,0.0,0.0,0.0,0.0055,0.0055,-0.0055,-0.0055,P,PV
2614,pv_1035,0.0,0.0,0.0,0.0,0.0,0.0,0.0,0.0,0.0,0.00305,0.00305,-0.0022666053913286,-0.0022666055827418,0.0038,0.0038,c,s1s2,0.0,0.0,0.0,0.0,0.0,0.0,0.0038,0.0038,-0.0038,-0.0038,P,PV
2620,pv_1047,0.0,0.0,0.0,0.0,0.0,0.0,0.0,0.0,0.0,0.005085,0.005085,-0.0038033242039037,-0.0038033242039037,0.00635,0.00635,c,s1s2,0.0,0.0,0.0,0.0,0.0,0.0,0.00635,0.00635,-0.00635,-0.00635,P,PV
2641,pv_1013,0.0,0.0,0.0,0.0,0.0,0.0,0.0,0.0,0.0,0.005085,0.005085,-0.0038033242039037,-0.0038033242039037,0.00635,0.00635,c,s1s2,0.0,0.0,0.0,0.0,0.0,0.0,0.00635,0.00635,-0.00635,-0.00635,P,PV
2649,pv_1137,0.0,0.0,0.0,0.0,0.0,0.0,0.0,0.0,0.0,0.004435,0.004435,-0.00333665626039,-0.00333665626039,0.00555,0.00555,a,s1s2,0.0,0.0,0.0,0.0,0.0,0.0,0.00555,0.00555,-0.00555,-0.00555,P,PV
2768,pv_1023,0.0,0.0,0.0,0.0,0.0,0.0,0.0,0.0,0.0,0.004865,0.004865,-0.0036799150805419,-0.0036799150805807,0.0061,0.0061,b,s1s2,0.0,0.0,0.0,0.0,0.0,0.0,0.0061,0.0061,-0.0061,-0.0061,P,PV
2800,pv_1147,0.0,0.0,0.0,0.0,0.0,0.0,0.0,0.0,0.0,0.00292,0.00292,-0.00219,-0.00219,0.00365,0.00365,b,s1s2,0.0,0.0,0.0,0.0,0.0,0.0,0.00365,0.00365,-0.00365,-0.00365,P,PV
2814,pv_1089,0.0,0.0,0.0,0.0,0.0,0.0,0.0,0.0,0.0,0.004435,0.004435,-0.00333665626039,-0.00333665626039,0.00555,0.00555,a,s1s2,0.0,0.0,0.0,0.0,0.0,0.0,0.00555,0.00555,-0.00555,-0.00555,P,PV
2865,pv_1151,0.0,0.0,0.0,0.0,0.0,0.0,0.0,0.0,0.0,0.01526,0.01526,-0.011403284614531,-0.011403284614531,0.01905,0.01905,c,s1s2,0.0,0.0,0.0,0.0,0.0,0.0,0.01905,0.01905,-0.01905,-0.01905,P,PV
2887,pv_1133,0.0,0.0,0.0,0.0,0.0,0.0,0.0,0.0,0.0,0.00305,0.00305,-0.0022666053913286,-0.0022666053913286,0.0038,0.0038,c,s1s2,0.0,0.0,0.0,0.0,0.0,0.0,0.0038,0.0038,-0.0038,-0.0038,P,PV
2892,pv_1007,0.0,0.0,0.0,0.0,0.0,0.0,0.0,0.0,0.0,0.002035,0.002035,-0.0015366440706943,-0.0015366440706943,0.00255,0.00255,c,s1s2,0.0,0.0,0.0,0.0,0.0,0.0,0.00255,0.00255,-0.00255,-0.00255,P,PV
2911,pv_1181,0.0,0.0,0.0,0.0,0.0,0.0,0.0,0.0,0.0,0.002035,0.002035,-0.0015366440706943,-0.0015366440706943,0.00255,0.00255,c,s1s2,0.0,0.0,0.0,0.0,0.0,0.0,0.00255,0.00255,-0.00255,-0.00255,P,PV
2913,pv_1175,0.0,0.0,0.0,0.0,0.0,0.0,0.0,0.0,0.0,0.005085,0.005085,-0.0038033242039037,-0.0038033242039037,0.00635,0.00635,c,s1s2,0.0,0.0,0.0,0.0,0.0,0.0,0.00635,0.00635,-0.00635,-0.00635,P,PV
2971,pv_1027,0.0,0.0,0.0,0.0,0.0,0.0,0.0,0.0,0.0,0.00266,0.00266,-0.0019530488985173,-0.0019530488985173,0.0033,0.0033,a,s1s2,0.0,0.0,0.0,0.0,0.0,0.0,0.0033,0.0033,-0.0033,-0.0033,P,PV
2989,pv_1005,0.0,0.0,0.0,0.0,0.0,0.0,0.0,0.0,0.0,0.005085,0.005085,-0.0038033242039037,-0.0038033242039037,0.00635,0.00635,c,s1s2,0.0,0.0,0.0,0.0,0.0,0.0,0.00635,0.00635,-0.00635,-0.00635,P,PV
3121,pv_1119,0.0,0.0,0.0,0.0,0.0,0.0,0.0,0.0,0.0,0.005085,0.005085,-0.0038033242039037,-0.0038033242039037,0.00635,0.00635,c,s1s2,0.0,0.0,0.0,0.0,0.0,0.0,0.00635,0.00635,-0.00635,-0.00635,P,PV
3153,pv_1093,0.0,0.0,0.0,0.0,0.0,0.0,0.0,0.0,0.0,0.005085,0.005085,-0.0038033242039037,-0.0038033242039037,0.00635,0.00635,c,s1s2,0.0,0.0,0.0,0.0,0.0,0.0,0.00635,0.00635,-0.00635,-0.00635,P,PV
3176,pv_1039,0.0,0.0,0.0,0.0,0.0,0.0,0.0,0.0,0.0,0.004435,0.004435,-0.00333665626039,-0.0033366562603902,0.00555,0.00555,a,s1s2,0.0,0.0,0.0,0.0,0.0,0.0,0.00555,0.00555,-0.00555,-0.00555,P,PV
3227,pv_1009,0.0,0.0,0.0,0.0,0.0,0.0,0.0,0.0,0.0,0.002925,0.002925,-0.0021833174299675,-0.0021833174299675,0.00365,0.00365,b,s1s2,0.0,0.0,0.0,0.0,0.0,0.0,0.00365,0.00365,-0.00365,-0.00365,P,PV
3269,pv_1123,0.0,0.0,0.0,0.0,0.0,0.0,0.0,0.0,0.0,0.001945,0.001945,-0.001406049430141,-0.0014060494301415,0.0024,0.0024,b,s1s2,0.0,0.0,0.0,0.0,0.0,0.0,0.0024,0.0024,-0.0024,-0.0024,P,PV
3329,pv_1065,0.0,0.0,0.0,0.0,0.0,0.0,0.0,0.0,0.0,0.00305,0.00305,-0.0023494680248941,-0.0023494680248941,0.00385,0.00385,c,s1s2,0.0,0.0,0.0,0.0,0.0,0.0,0.00385,0.00385,-0.00385,-0.00385,P,PV
3331,pv_1045,0.0,0.0,0.0,0.0,0.0,0.0,0.0,0.0,0.0,0.00305,0.00305,-0.0022666053913286,-0.0022666053913286,0.0038,0.0038,c,s1s2,0.0,0.0,0.0,0.0,0.0,0.0,0.0038,0.0038,-0.0038,-0.0038,P,PV
3375,pv_1135,0.0,0.0,0.0,0.0,0.0,0.0,0.0,0.0,0.0,0.004435,0.004435,-0.00333665626039,-0.00333665626039,0.00555,0.00555,a,s1s2,0.0,0.0,0.0,0.0,0.0,0.0,0.00555,0.00555,-0.00555,-0.00555,P,PV
3410,pv_1157,0.0,0.0,0.0,0.0,0.0,0.0,0.0,0.0,0.0,0.004435,0.004435,-0.00333665626039,0.00333665626039,0.00555,0.00555,a,s1s2,0.0,0.0,0.0,0.0,0.0,0.0,0.00555,0.00555,-0.00555,-0.00555,P,PV
3509,pv_1031,0.0,0.0,0.0,0.0,0.0,0.0,0.0,0.0,0.0,0.004865,0.004865,-0.0035964253085529,-0.0035964253085529,0.00605,0.00605,b,s1s2,0.0,0.0,0.0,0.0,0.0,0.0,0.00605,0.00605,-0.00605,-0.00605,P,PV
3517,pv_1129,0.0,0.0,0.0,0.0,0.0,0.0,0.0,0.0,0.0,0.005085,0.005085,0.0038033242039037,-0.0038033242039037,0.00635,0.00635,c,s1s2,0.0,0.0,0.0,0.0,0.0,0.0,0.00635,0.00635,-0.00635,-0.00635,P,PV
3571,pv_1085,0.0,0.0,0.0,0.0,0.0,0.0,0.0,0.0,0.0,0.00266,0.00266,0.0019530488985173,0.0019530488985173,0.0033,0.0033,a,s1s2,0.0,0.0,0.0,0.0,0.0,0.0,0.0033,0.0033,-0.0033,-0.0033,P,PV
3630,pv_1109,0.0,0.0,0.0,0.0,0.0,0.0,0.0,0.0,0.0,0.00305,0.00305,-0.0023494680248941,-0.0023494680248941,0.00385,0.00385,c,s1s2,0.0,0.0,0.0,0.0,0.0,0.0,0.00385,0.00385,-0.00385,-0.00385,P,PV
3751,pv_1019,0.0,0.0,0.0,0.0,0.0,0.0,0.0,0.0,0.0,0.00292,0.00292,-0.00219,-0.00219,0.00365,0.00365,b,s1s2,0.0,0.0,0.0,0.0,0.0,0.0,0.00365,0.00365,-0.00365,-0.00365,P,PV
3810,pv_1029,0.0,0.0,0.0,0.0,0.0,0.0,0.0,0.0,0.0,0.004435,0.004435,0.00333665626039,0.00333665626039,0.00555,0.00555,a,s1s2,0.0,0.0,0.0,0.0,0.0,0.0,0.00555,0.00555,-0.00555,-0.00555,P,PV
3821,pv_1101,0.0,0.0,0.0,0.0,0.0,0.0,0.0,0.0,0.0,0.00266,0.00266,0.0019530488985173,0.0019530488985173,0.0033,0.0033,a,s1s2,0.0,0.0,0.0,0.0,0.0,0.0,0.0033,0.0033,-0.0033,-0.0033,P,PV
3863,pv_28,0.0,0.0,0.0,0.0,0.0,0.0,0.0,0.0,0.0,0.005385,0.005385,-0.0040366663225983,0.0040366663225983,0.00673,0.00673,a,s1s2,0.0,0.0,0.0,0.0,0.0,0.0,0.00673,0.00673,-0.00673,-0.00673,P,PV
3865,pv_26,0.0,0.0,0.0,0.0,0.0,0.0,0.0,0.0,0.0,0.005295,0.005295,0.0039733329837807,0.0039733329837807,0.00662,0.00662,a,s1s2,0.0,0.0,0.0,0.0,0.0,0.0,0.00662,0.00662,-0.00662,-0.00662,P,PV
3867,pv_24,0.0,0.0,0.0,0.0,0.0,0.0,0.0,0.0,0.0,0.005315,0.005315,-0.0039883329850954,-0.0039883329850954,0.006645,0.006645,a,s1s2,0.0,0.0,0.0,0.0,0.0,0.0,0.006645,0.006645,-0.006645,-0.006645,P,PV
3869,pv_22,0.0,0.0,0.0,0.0,0.0,0.0,0.0,0.0,0.0,0.00981,0.00981,-0.007353332577818,0.007353332577818,0.01226,0.01226,a,s1s2,0.0,0.0,0.0,0.0,0.0,0.0,0.01226,0.01226,-0.01226,-0.01226,P,PV
3871,pv_20,0.0,0.0,0.0,0.0,0.0,0.0,0.0,0.0,0.0,0.00499,0.00499,0.0037466651838668,-0.0037466651838668,0.00624,0.00624,a,s1s2,0.0,0.0,0.0,0.0,0.0,0.0,0.00624,0.00624,-0.00624,-0.00624,P,PV
3873,pv_18,0.0,0.0,0.0,0.0,0.0,0.0,0.0,0.0,0.0,0.007245,0.007245,-0.0054399977022053,-0.0054399977022053,0.00906,0.00906,a,s1s2,0.0,0.0,0.0,0.0,0.0,0.0,0.00906,0.00906,-0.00906,-0.00906,P,PV
3875,pv_16,0.0,0.0,0.0,0.0,0.0,0.0,0.0,0.0,0.0,0.00649,0.00649,0.0048716655262856,0.0048716655262856,0.008115,0.008115,a,s1s2,0.0,0.0,0.0,0.0,0.0,0.0,0.008115,0.008115,-0.008115,-0.008115,P,PV
3877,pv_14,0.0,0.0,0.0,0.0,0.0,0.0,0.0,0.0,0.0,0.00622,0.00622,-0.0046649999999999,-0.0046649999999999,0.007775,0.007775,a,s1s2,0.0,0.0,0.0,0.0,0.0,0.0,0.007775,0.007775,-0.007775,-0.007775,P,PV
3879,pv_12,0.0,0.0,0.0,0.0,0.0,0.0,0.0,0.0,0.0,0.00596,0.00596,-0.00447,-0.00447,0.00745,0.00745,a,s1s2,0.0,0.0,0.0,0.0,0.0,0.0,0.00745,0.00745,-0.00745,-0.00745,P,PV
3881,pv_10,0.0,0.0,0.0,0.0,0.0,0.0,0.0,0.0,0.0,0.0063,0.0063,0.0047166619552391,-0.0047166619552391,0.00787,0.00787,a,s1s2,0.0,0.0,0.0,0.0,0.0,0.0,0.00787,0.00787,-0.00787,-0.00787,P,PV
3883,pv_8,0.0,0.0,0.0,0.0,0.0,0.0,0.0,0.0,0.0,0.007465,0.007465,-0.005596666418503,-0.005596666418503,0.00933,0.00933,a,s1s2,0.0,0.0,0.0,0.0,0.0,0.0,0.00933,0.00933,-0.00933,-0.00933,P,PV
3885,pv_6,0.0,0.0,0.0,0.0,0.0,0.0,0.0,0.0,0.0,0.004855,0.004855,-0.0036433329521195,0.0036433329521195,0.00607,0.00607,a,s1s2,0.0,0.0,0.0,0.0,0.0,0.0,0.00607,0.00607,-0.00607,-0.00607,P,PV
3887,pv_4,0.0,0.0,0.0,0.0,0.0,0.0,0.0,0.0,0.0,0.00628,0.00628,-0.00471,0.00471,0.00785,0.00785,a,s1s2,0.0,0.0,0.0,0.0,0.0,0.0,0.00785,0.00785,-0.00785,-0.00785,P,PV
3889,pv_2,0.0,0.0,0.0,0.0,0.0,0.0,0.0,0.0,0.0,0.005625,0.005625,0.0042166663372858,-0.0042166663372858,0.00703,0.00703,a,s1s2,0.0,0.0,0.0,0.0,0.0,0.0,0.00703,0.00703,-0.00703,-0.00703,P,PV
3910,pv_56,0.0,0.0,0.0,0.0,0.0,0.0,0.0,0.0,0.0,0.005625,0.005625,-0.0042166663372858,-0.0042166663372858,0.00703,0.00703,b,s1s2,0.0,0.0,0.0,0.0,0.0,0.0,0.00703,0.00703,-0.00703,-0.00703,P,PV
3912,pv_54,0.0,0.0,0.0,0.0,0.0,0.0,0.0,0.0,0.0,0.004525,0.004525,-0.0033999963235274,-0.0033999963235274,0.00566,0.00566,b,s1s2,0.0,0.0,0.0,0.0,0.0,0.0,0.00566,0.00566,-0.00566,-0.00566,P,PV
3914,pv_52,0.0,0.0,0.0,0.0,0.0,0.0,0.0,0.0,0.0,0.00639,0.00639,-0.0047883321731057,-0.0047883321731057,0.007985,0.007985,b,s1s2,0.0,0.0,0.0,0.0,0.0,0.0,0.007985,0.007985,-0.007985,-0.007985,P,PV
3916,pv_50,0.0,0.0,0.0,0.0,0.0,0.0,0.0,0.0,0.0,0.0056,0.0056,-0.0042,-0.0042,0.007,0.007,b,s1s2,0.0,0.0,0.0,0.0,0.0,0.0,0.007,0.007,-0.007,-0.007,P,PV
3918,pv_48,0.0,0.0,0.0,0.0,0.0,0.0,0.0,0.0,0.0,0.00352,0.00352,-0.00264,-0.00264,0.0044,0.0044,b,s1s2,0.0,0.0,0.0,0.0,0.0,0.0,0.0044,0.0044,-0.0044,-0.0044,P,PV
3920,pv_46,0.0,0.0,0.0,0.0,0.0,0.0,0.0,0.0,0.0,0.005225,0.005225,-0.0039249968152853,-0.0039249968152853,0.006535,0.006535,b,s1s2,0.0,0.0,0.0,0.0,0.0,0.0,0.006535,0.006535,-0.006535,-0.006535,P,PV
3922,pv_44,0.0,0.0,0.0,0.0,0.0,0.0,0.0,0.0,0.0,0.004355,0.004355,-0.003276656069837,-0.003276656069837,0.00545,0.00545,b,s1s2,0.0,0.0,0.0,0.0,0.0,0.0,0.00545,0.00545,-0.00545,-0.00545,P,PV
3924,pv_42,0.0,0.0,0.0,0.0,0.0,0.0,0.0,0.0,0.0,0.00611,0.00611,-0.0045783321198882,-0.0045783321198882,0.007635,0.007635,b,s1s2,0.0,0.0,0.0,0.0,0.0,0.0,0.007635,0.007635,-0.007635,-0.007635,P,PV
3926,pv_40,0.0,0.0,0.0,0.0,0.0,0.0,0.0,0.0,0.0,0.00495,0.00495,-0.0037083318352056,-0.0037083318352056,0.006185,0.006185,b,s1s2,0.0,0.0,0.0,0.0,0.0,0.0,0.006185,0.006185,-0.006185,-0.006185,P,PV
3928,pv_38,0.0,0.0,0.0,0.0,0.0,0.0,0.0,0.0,0.0,0.005895,0.005895,-0.004414997168742,-0.004414997168742,0.007365,0.007365,b,s1s2,0.0,0.0,0.0,0.0,0.0,0.0,0.007365,0.007365,-0.007365,-0.007365,P,PV
3930,pv_36,0.0,0.0,0.0,0.0,0.0,0.0,0.0,0.0,0.0,0.004835,0.004835,-0.0036283329505435,-0.0036283329505435,0.006045,0.006045,b,s1s2,0.0,0.0,0.0,0.0,0.0,0.0,0.006045,0.006045,-0.006045,-0.006045,P,PV
3932,pv_34,0.0,0.0,0.0,0.0,0.0,0.0,0.0,0.0,0.0,0.00511,0.00511,-0.0038366652186501,-0.0038366652186501,0.00639,0.00639,b,s1s2,0.0,0.0,0.0,0.0,0.0,0.0,0.00639,0.00639,-0.00639,-0.00639,P,PV
3934,pv_32,0.0,0.0,0.0,0.0,0.0,0.0,0.0,0.0,0.0,0.00477,0.00477,-0.0035733317786066,-0.0035733317786066,0.00596,0.00596,b,s1s2,0.0,0.0,0.0,0.0,0.0,0.0,0.00596,0.00596,-0.00596,-0.00596,P,PV
3936,pv_30,0.0,0.0,0.0,0.0,0.0,0.0,0.0,0.0,0.0,0.00526,0.00526,-0.0039533277121938,-0.0039533277121938,0.00658,0.00658,b,s1s2,0.0,0.0,0.0,0.0,0.0,0.0,0.00658,0.00658,-0.00658,-0.00658,P,PV
3956,pv_84,0.0,0.0,0.0,0.0,0.0,0.0,0.0,0.0,0.0,0.005625,0.005625,-0.0042166663372858,-0.0042166663372858,0.00703,0.00703,c,s1s2,0.0,0.0,0.0,0.0,0.0,0.0,0.00703,0.00703,-0.00703,-0.00703,P,PV
3958,pv_82,0.0,0.0,0.0,0.0,0.0,0.0,0.0,0.0,0.0,0.005625,0.005625,-0.0042166663372858,-0.0042166663372858,0.00703,0.00703,c,s1s2,0.0,0.0,0.0,0.0,0.0,0.0,0.00703,0.00703,-0.00703,-0.00703,P,PV
3960,pv_80,0.0,0.0,0.0,0.0,0.0,0.0,0.0,0.0,0.0,0.005625,0.005625,-0.0042166663372858,-0.0042166663372858,0.00703,0.00703,c,s1s2,0.0,0.0,0.0,0.0,0.0,0.0,0.00703,0.00703,-0.00703,-0.00703,P,PV
3962,pv_78,0.0,0.0,0.0,0.0,0.0,0.0,0.0,0.0,0.0,0.005625,0.005625,-0.0042166663372858,-0.0042166663372858,0.00703,0.00703,c,s1s2,0.0,0.0,0.0,0.0,0.0,0.0,0.00703,0.00703,-0.00703,-0.00703,P,PV
3964,pv_76,0.0,0.0,0.0,0.0,0.0,0.0,0.0,0.0,0.0,0.005625,0.005625,-0.0042166663372858,-0.0042166663372858,0.00703,0.00703,c,s1s2,0.0,0.0,0.0,0.0,0.0,0.0,0.00703,0.00703,-0.00703,-0.00703,P,PV
3966,pv_74,0.0,0.0,0.0,0.0,0.0,0.0,0.0,0.0,0.0,0.005625,0.005625,-0.0042166663372858,-0.0042166663372858,0.00703,0.00703,c,s1s2,0.0,0.0,0.0,0.0,0.0,0.0,0.00703,0.00703,-0.00703,-0.00703,P,PV
3968,pv_72,0.0,0.0,0.0,0.0,0.0,0.0,0.0,0.0,0.0,0.005625,0.005625,-0.0042166663372858,-0.0042166663372858,0.00703,0.00703,c,s1s2,0.0,0.0,0.0,0.0,0.0,0.0,0.00703,0.00703,-0.00703,-0.00703,P,PV
3970,pv_70,0.0,0.0,0.0,0.0,0.0,0.0,0.0,0.0,0.0,0.005625,0.005625,-0.0042166663372858,-0.0042166663372858,0.00703,0.00703,c,s1s2,0.0,0.0,0.0,0.0,0.0,0.0,0.00703,0.00703,-0.00703,-0.00703,P,PV
3972,pv_68,0.0,0.0,0.0,0.0,0.0,0.0,0.0,0.0,0.0,0.005625,0.005625,-0.0042166663372858,-0.0042166663372858,0.00703,0.00703,c,s1s2,0.0,0.0,0.0,0.0,0.0,0.0,0.00703,0.00703,-0.00703,-0.00703,P,PV
3974,pv_66,0.0,0.0,0.0,0.0,0.0,0.0,0.0,0.0,0.0,0.005625,0.005625,-0.0042166663372858,-0.0042166663372858,0.00703,0.00703,c,s1s2,0.0,0.0,0.0,0.0,0.0,0.0,0.00703,0.00703,-0.00703,-0.00703,P,PV
3976,pv_64,0.0,0.0,0.0,0.0,0.0,0.0,0.0,0.0,0.0,0.005625,0.005625,-0.0042166663372858,-0.0042166663372858,0.00703,0.00703,c,s1s2,0.0,0.0,0.0,0.0,0.0,0.0,0.00703,0.00703,-0.00703,-0.00703,P,PV
3978,pv_62,0.0,0.0,0.0,0.0,0.0,0.0,0.0,0.0,0.0,0.004855,0.004855,-0.0036433329521195,-0.0036433329521195,0.00607,0.00607,c,s1s2,0.0,0.0,0.0,0.0,0.0,0.0,0.00607,0.00607,-0.00607,-0.00607,P,PV
3980,pv_60,0.0,0.0,0.0,0.0,0.0,0.0,0.0,0.0,0.0,0.00628,0.00628,-0.00471,-0.0047099999999999,0.00785,0.00785,c,s1s2,0.0,0.0,0.0,0.0,0.0,0.0,0.00785,0.00785,-0.00785,-0.00785,P,PV
3982,pv_58,0.0,0.0,0.0,0.0,0.0,0.0,0.0,0.0,0.0,0.005625,0.005625,-0.0042166663372858,-0.0042166663372858,0.00703,0.00703,c,s1s2,0.0,0.0,0.0,0.0,0.0,0.0,0.00703,0.00703,-0.00703,-0.00703,P,PV
4001,pv_112,0.0,0.0,0.0,0.0,0.0,0.0,0.0,0.0,0.0,0.01211,0.01211,-0.0090699944873191,-0.0090699944873191,0.01513,0.01513,b,s1s2,0.0,0.0,0.0,0.0,0.0,0.0,0.01513,0.01513,-0.01513,-0.01513,P,PV
4003,pv_110,0.0,0.0,0.0,0.0,0.0,0.0,0.0,0.0,0.0,0.014165,0.014165,-0.0106216665359066,-0.0106216665359066,0.017705,0.017705,b,s1s2,0.0,0.0,0.0,0.0,0.0,0.0,0.017705,0.017705,-0.017705,-0.017705,P,PV
4005,pv_108,0.0,0.0,0.0,0.0,0.0,0.0,0.0,0.0,0.0,0.008785,0.008785,-0.0065866664558029,-0.0065866664558029,0.01098,0.01098,b,s1s2,0.0,0.0,0.0,0.0,0.0,0.0,0.01098,0.01098,-0.01098,-0.01098,P,PV
4007,pv_106,0.0,0.0,0.0,0.0,0.0,0.0,0.0,0.0,0.0,0.006875,0.006875,-0.0051666599462321,-0.0051666599462321,0.0086,0.0086,b,s1s2,0.0,0.0,0.0,0.0,0.0,0.0,0.0086,0.0086,-0.0086,-0.0086,P,PV
4009,pv_104,0.0,0.0,0.0,0.0,0.0,0.0,0.0,0.0,0.0,0.00374,0.00374,-0.002805,-0.002805,0.004675,0.004675,b,s1s2,0.0,0.0,0.0,0.0,0.0,0.0,0.004675,0.004675,-0.004675,-0.004675,P,PV
4011,pv_102,0.0,0.0,0.0,0.0,0.0,0.0,0.0,0.0,0.0,0.00845,0.00845,-0.0063333324561402,-0.0063333324561402,0.01056,0.01056,b,s1s2,0.0,0.0,0.0,0.0,0.0,0.0,0.01056,0.01056,-0.01056,-0.01056,P,PV
4013,pv_100,0.0,0.0,0.0,0.0,0.0,0.0,0.0,0.0,0.0,0.006985,0.006985,-0.0052366664014428,-0.0052366664014428,0.00873,0.00873,b,s1s2,0.0,0.0,0.0,0.0,0.0,0.0,0.00873,0.00873,-0.00873,-0.00873,P,PV
4015,pv_98,0.0,0.0,0.0,0.0,0.0,0.0,0.0,0.0,0.0,0.00636,0.00636,-0.00477,-0.00477,0.00795,0.00795,b,s1s2,0.0,0.0,0.0,0.0,0.0,0.0,0.00795,0.00795,-0.00795,-0.00795,P,PV
4017,pv_96,0.0,0.0,0.0,0.0,0.0,0.0,0.0,0.0,0.0,0.00468,0.00468,-0.0035183270172057,-0.0035183270172057,0.005855,0.005855,b,s1s2,0.0,0.0,0.0,0.0,0.0,0.0,0.005855,0.005855,-0.005855,-0.005855,P,PV
4019,pv_94,0.0,0.0,0.0,0.0,0.0,0.0,0.0,0.0,0.0,0.00488,0.00488,-0.0036516605811603,-0.0036516605811603,0.006095,0.006095,b,s1s2,0.0,0.0,0.0,0.0,0.0,0.0,0.006095,0.006095,-0.006095,-0.006095,P,PV
4021,pv_92,0.0,0.0,0.0,0.0,0.0,0.0,0.0,0.0,0.0,0.00554,0.00554,-0.004155,-0.004155,0.006925,0.006925,b,s1s2,0.0,0.0,0.0,0.0,0.0,0.0,0.006925,0.006925,-0.006925,-0.006925,P,PV
4023,pv_90,0.0,0.0,0.0,0.0,0.0,0.0,0.0,0.0,0.0,0.004855,0.004855,-0.0036433329521195,-0.0036433329521195,0.00607,0.00607,b,s1s2,0.0,0.0,0.0,0.0,0.0,0.0,0.00607,0.00607,-0.00607,-0.00607,P,PV
4025,pv_88,0.0,0.0,0.0,0.0,0.0,0.0,0.0,0.0,0.0,0.00628,0.00628,-0.00471,-0.00471,0.00785,0.00785,b,s1s2,0.0,0.0,0.0,0.0,0.0,0.0,0.00785,0.00785,-0.00785,-0.00785,P,PV
4027,pv_86,0.0,0.0,0.0,0.0,0.0,0.0,0.0,0.0,0.0,0.005625,0.005625,-0.0042166663372858,-0.0042166663372858,0.00703,0.00703,b,s1s2,0.0,0.0,0.0,0.0,0.0,0.0,0.00703,0.00703,-0.00703,-0.00703,P,PV
4047,pv_140,0.0,0.0,0.0,0.0,0.0,0.0,0.0,0.0,0.0,0.010695,0.010695,-0.008014998440424,-0.008014998440424,0.013365,0.013365,c,s1s2,0.0,0.0,0.0,0.0,0.0,0.0,0.013365,0.013365,-0.013365,-0.013365,P,PV
4049,pv_138,0.0,0.0,0.0,0.0,0.0,0.0,0.0,0.0,0.0,0.008435,0.008435,-0.0063366611870921,-0.0063366611870921,0.01055,0.01055,c,s1s2,0.0,0.0,0.0,0.0,0.0,0.0,0.01055,0.01055,-0.01055,-0.01055,P,PV
4051,pv_136,0.0,0.0,0.0,0.0,0.0,0.0,0.0,0.0,0.0,0.00904,0.00904,-0.00678,-0.00678,0.0113,0.0113,c,s1s2,0.0,0.0,0.0,0.0,0.0,0.0,0.0113,0.0113,-0.0113,-0.0113,P,PV
4053,pv_134,0.0,0.0,0.0,0.0,0.0,0.0,0.0,0.0,0.0,0.00894,0.00894,-0.0067049999999999,-0.0067049999999999,0.011175,0.011175,c,s1s2,0.0,0.0,0.0,0.0,0.0,0.0,0.011175,0.011175,-0.011175,-0.011175,P,PV
4055,pv_132,0.0,0.0,0.0,0.0,0.0,0.0,0.0,0.0,0.0,0.01171,0.01171,-0.0087783327004619,-0.0087783327004619,0.014635,0.014635,c,s1s2,0.0,0.0,0.0,0.0,0.0,0.0,0.014635,0.014635,-0.014635,-0.014635,P,PV
4057,pv_130,0.0,0.0,0.0,0.0,0.0,0.0,0.0,0.0,0.0,0.00672,0.00672,-0.0050399999999999,-0.0050399999999999,0.0084,0.0084,c,s1s2,0.0,0.0,0.0,0.0,0.0,0.0,0.0084,0.0084,-0.0084,-0.0084,P,PV
4059,pv_128,0.0,0.0,0.0,0.0,0.0,0.0,0.0,0.0,0.0,0.006965,0.006965,-0.0052216664006809,-0.0052216664006809,0.008705,0.008705,c,s1s2,0.0,0.0,0.0,0.0,0.0,0.0,0.008705,0.008705,-0.008705,-0.008705,P,PV
4061,pv_126,0.0,0.0,0.0,0.0,0.0,0.0,0.0,0.0,0.0,0.005945,0.005945,-0.0044483255276564,-0.0044483255276564,0.007425,0.007425,c,s1s2,0.0,0.0,0.0,0.0,0.0,0.0,0.007425,0.007425,-0.007425,-0.007425,P,PV
4063,pv_124,0.0,0.0,0.0,0.0,0.0,0.0,0.0,0.0,0.0,0.004425,0.004425,-0.0033166662479061,-0.0033166662479061,0.00553,0.00553,c,s1s2,0.0,0.0,0.0,0.0,0.0,0.0,0.00553,0.00553,-0.00553,-0.00553,P,PV
4065,pv_122,0.0,0.0,0.0,0.0,0.0,0.0,0.0,0.0,0.0,0.005265,0.005265,-0.0039549968394424,-0.0039549968394424,0.006585,0.006585,c,s1s2,0.0,0.0,0.0,0.0,0.0,0.0,0.006585,0.006585,-0.006585,-0.006585,P,PV
4067,pv_120,0.0,0.0,0.0,0.0,0.0,0.0,0.0,0.0,0.0,0.00428,0.00428,-0.0032099999999999,-0.0032099999999999,0.00535,0.00535,c,s1s2,0.0,0.0,0.0,0.0,0.0,0.0,0.00535,0.00535,-0.00535,-0.00535,P,PV
4069,pv_118,0.0,0.0,0.0,0.0,0.0,0.0,0.0,0.0,0.0,0.006475,0.006475,-0.0048499974226797,-0.0048499974226797,0.00809,0.00809,c,s1s2,0.0,0.0,0.0,0.0,0.0,0.0,0.00809,0.00809,-0.00809,-0.00809,P,PV
4071,pv_116,0.0,0.0,0.0,0.0,0.0,0.0,0.0,0.0,0.0,0.00801,0.00801,-0.0060116657425375,-0.0060116657425375,0.010015,0.010015,c,s1s2,0.0,0.0,0.0,0.0,0.0,0.0,0.010015,0.010015,-0.010015,-0.010015,P,PV
4073,pv_114,0.0,0.0,0.0,0.0,0.0,0.0,0.0,0.0,0.0,0.006215,0.006215,-0.0046549973147145,-0.0046549973147145,0.007765,0.007765,c,s1s2,0.0,0.0,0.0,0.0,0.0,0.0,0.007765,0.007765,-0.007765,-0.007765,P,PV
4092,pv_168,0.0,0.0,0.0,0.0,0.0,0.0,0.0,0.0,0.0,0.009965,0.009965,-0.0074716664807792,-0.0074716664807792,0.012455,0.012455,a,s1s2,0.0,0.0,0.0,0.0,0.0,0.0,0.012455,0.012455,-0.012455,-0.012455,P,PV
4094,pv_166,0.0,0.0,0.0,0.0,0.0,0.0,0.0,0.0,0.0,0.010725,0.010725,-0.008041666493955,-0.008041666493955,0.013405,0.013405,a,s1s2,0.0,0.0,0.0,0.0,0.0,0.0,0.013405,0.013405,-0.013405,-0.013405,P,PV
4096,pv_164,0.0,0.0,0.0,0.0,0.0,0.0,0.0,0.0,0.0,0.011185,0.011185,-0.0083866665010598,-0.0083866665010598,0.01398,0.01398,a,s1s2,0.0,0.0,0.0,0.0,0.0,0.0,0.01398,0.01398,-0.01398,-0.01398,P,PV
4098,pv_162,0.0,0.0,0.0,0.0,0.0,0.0,0.0,0.0,0.0,0.00727,0.00727,-0.0054483323136534,-0.0054483323136534,0.009085,0.009085,a,s1s2,0.0,0.0,0.0,0.0,0.0,0.0,0.009085,0.009085,-0.009085,-0.009085,P,PV
4100,pv_160,0.0,0.0,0.0,0.0,0.0,0.0,0.0,0.0,0.0,0.00802,0.00802,-0.0060233296439759,-0.0060233296439759,0.01003,0.01003,a,s1s2,0.0,0.0,0.0,0.0,0.0,0.0,0.01003,0.01003,-0.01003,-0.01003,P,PV
4102,pv_158,0.0,0.0,0.0,0.0,0.0,0.0,0.0,0.0,0.0,0.009075,0.009075,-0.0067999981617644,-0.0067999981617644,0.01134,0.01134,a,s1s2,0.0,0.0,0.0,0.0,0.0,0.0,0.01134,0.01134,-0.01134,-0.01134,P,PV
4104,pv_156,0.0,0.0,0.0,0.0,0.0,0.0,0.0,0.0,0.0,0.004125,0.004125,-0.0030916662174303,0.0030916662174303,0.005155,0.005155,a,s1s2,0.0,0.0,0.0,0.0,0.0,0.0,0.005155,0.005155,-0.005155,-0.005155,P,PV
4106,pv_154,0.0,0.0,0.0,0.0,0.0,0.0,0.0,0.0,0.0,0.007325,0.007325,-0.0054833270010095,-0.0054833270010095,0.00915,0.00915,a,s1s2,0.0,0.0,0.0,0.0,0.0,0.0,0.00915,0.00915,-0.00915,-0.00915,P,PV
4108,pv_152,0.0,0.0,0.0,0.0,0.0,0.0,0.0,0.0,0.0,0.006995,0.006995,-0.0052399976145032,-0.0052399976145032,0.00874,0.00874,a,s1s2,0.0,0.0,0.0,0.0,0.0,0.0,0.00874,0.00874,-0.00874,-0.00874,P,PV
4110,pv_150,0.0,0.0,0.0,0.0,0.0,0.0,0.0,0.0,0.0,0.004735,0.004735,0.003553332942464,-0.003553332942464,0.00592,0.00592,a,s1s2,0.0,0.0,0.0,0.0,0.0,0.0,0.00592,0.00592,-0.00592,-0.00592,P,PV
4112,pv_148,0.0,0.0,0.0,0.0,0.0,0.0,0.0,0.0,0.0,0.00543,0.00543,-0.0040683319677725,-0.0040683319677725,0.006785,0.006785,a,s1s2,0.0,0.0,0.0,0.0,0.0,0.0,0.006785,0.006785,-0.006785,-0.006785,P,PV
4114,pv_146,0.0,0.0,0.0,0.0,0.0,0.0,0.0,0.0,0.0,0.00481,0.00481,-0.0036116651284414,-0.0036116651284414,0.006015,0.006015,a,s1s2,0.0,0.0,0.0,0.0,0.0,0.0,0.006015,0.006015,-0.006015,-0.006015,P,PV
4116,pv_144,0.0,0.0,0.0,0.0,0.0,0.0,0.0,0.0,0.0,0.006455,0.006455,-0.0048516595098995,0.0048516595098995,0.0080749999999999,0.0080749999999999,a,s1s2,0.0,0.0,0.0,0.0,0.0,0.0,0.0080749999999999,0.0080749999999999,-0.0080749999999999,-0.0080749999999999,P,PV
4118,pv_142,0.0,0.0,0.0,0.0,0.0,0.0,0.0,0.0,0.0,0.00441,0.00441,-0.00330333165153,-0.00330333165153,0.00551,0.00551,a,s1s2,0.0,0.0,0.0,0.0,0.0,0.0,0.00551,0.00551,-0.00551,-0.00551,P,PV
4123,microturb-1,0.0166666666666666,0.0166666666666666,0.0166666666666666,-0.0816496580927725,-0.0816496580927725,-0.0816496580927725,0.0833333333333333,0.0833333333333333,0.0833333333333333,0.0,0.0,0.0,0.0,0.0,0.0,,abc,0.0833333333333333,0.0833333333333333,0.0833333333333333,-0.0833333333333333,-0.0833333333333333,-0.0833333333333333,0.0,0.0,0.0,0.0,P,PV
4125,microturb-2,0.0,0.0,0.0,0.0833333333333333,-0.0421157037522803,-0.0019382284130369,0.0833333333333333,0.0833333333333333,0.0833333333333333,0.0,0.0,0.0,0.0,0.0,0.0,,abc,0.0833333333333333,0.0833333333333333,0.0833333333333333,-0.0833333333333333,-0.0833333333333333,-0.0833333333333333,0.0,0.0,0.0,0.0,P,PV
4127,microturb-3,0.0,0.0,0.0,-0.0484299489925308,-0.0833333333333333,-0.0833333333333333,0.0833333333333333,0.0833333333333333,0.0833333333333333,0.0,0.0,0.0,0.0,0.0,0.0,,abc,0.0833333333333333,0.0833333333333333,0.0833333333333333,-0.0833333333333333,-0.0833333333333333,-0.0833333333333333,0.0,0.0,0.0,0.0,P,PV
4134,pv_170,0.0,0.0,0.0,0.0,0.0,0.0,0.0,0.0,0.0,0.02026,0.02026,-0.0151949999999999,-0.015195,0.025325,0.025325,c,s1s2,0.0,0.0,0.0,0.0,0.0,0.0,0.025325,0.025325,-0.025325,-0.025325,P,PV
4141,pv_1141,0.0,0.0,0.0,0.0,0.0,0.0,0.0,0.0,0.0,0.00763,0.00763,-0.0057433091506552,-0.0057433091506552,0.00955,0.00955,c,s1s2,0.0,0.0,0.0,0.0,0.0,0.0,0.00955,0.00955,-0.00955,-0.00955,P,PV
4194,pv_1055,0.0,0.0,0.0,0.0,0.0,0.0,0.0,0.0,0.0,0.002665,0.002665,-0.0020298460532759,0.0020298460532759,0.00335,0.00335,a,s1s2,0.0,0.0,0.0,0.0,0.0,0.0,0.00335,0.00335,-0.00335,-0.00335,P,PV
4309,pv_1117,0.0,0.0,0.0,0.0,0.0,0.0,0.0,0.0,0.0,0.005085,0.005085,0.0038862288918693,-0.0038862288918693,0.0064,0.0064,c,s1s2,0.0,0.0,0.0,0.0,0.0,0.0,0.0064,0.0064,-0.0064,-0.0064,P,PV
4316,lngengine1800,0.0,0.0,0.0,0.1734607277681362,-0.1977778771702216,0.15352059416361,0.75,0.75,0.75,0.0,0.0,0.0,0.0,0.0,0.0,,abc,0.75,0.75,0.75,-0.75,-0.75,-0.75,0.0,0.0,0.0,0.0,P,PV
4347,pv_1113,0.0,0.0,0.0,0.0,0.0,0.0,0.0,0.0,0.0,0.00887,0.00887,0.0065898103159347,-0.0065898103159347,0.01105,0.01105,a,s1s2,0.0,0.0,0.0,0.0,0.0,0.0,0.01105,0.01105,-0.01105,-0.01105,P,PV
4351,pv_1179,0.0,0.0,0.0,0.0,0.0,0.0,0.0,0.0,0.0,0.01017,0.01017,-0.0076898374495173,-0.0076898374495173,0.01275,0.01275,c,s1s2,0.0,0.0,0.0,0.0,0.0,0.0,0.01275,0.01275,-0.01275,-0.01275,P,PV
4360,pv_1041,0.0,0.0,0.0,0.0,0.0,0.0,0.0,0.0,0.0,0.009725,0.009725,0.0072833285659786,-0.0009391057348726,0.01215,0.01215,b,s1s2,0.0,0.0,0.0,0.0,0.0,0.0,0.01215,0.01215,-0.01215,-0.01215,P,PV
4417,pv_1155,0.0,0.0,0.0,0.0,0.0,0.0,0.0,0.0,0.0,0.007295,0.007295,0.0055231761695604,0.0055231761695604,0.00915,0.00915,b,s1s2,0.0,0.0,0.0,0.0,0.0,0.0,0.00915,0.00915,-0.00915,-0.00915,P,PV
4448,pv_1183,0.0,0.0,0.0,0.0,0.0,0.0,0.0,0.0,0.0,0.00887,0.00887,0.0066483324977019,0.0066483324977019,0.011085,0.011085,a,s1s2,0.0,0.0,0.0,0.0,0.0,0.0,0.011085,0.011085,-0.011085,-0.011085,P,PV
4452,pv_1111,0.0,0.0,0.0,0.0,0.0,0.0,0.0,0.0,0.0,0.00887,0.00887,0.00667331252078,0.00667331252078,0.0111,0.0111,a,s1s2,0.0,0.0,0.0,0.0,0.0,0.0,0.0111,0.0111,-0.0111,-0.0111,P,PV
4457,pv_1161,0.0,0.0,0.0,0.0,0.0,0.0,0.0,0.0,0.0,0.00305,0.00305,-0.0023494680248941,0.0023494680248941,0.00385,0.00385,c,s1s2,0.0,0.0,0.0,0.0,0.0,0.0,0.00385,0.00385,-0.00385,-0.00385,P,PV
4511,diesel590,0.0,0.0,0.0,-0.2456666666666666,0.2456666666667574,-0.2456666666666665,0.2456666666666666,0.2456666666666666,0.2456666666666666,0.0,0.0,0.0,0.0,0.0,0.0,,abc,0.2456666666666666,0.2456666666666666,0.2456666666666666,-0.2456666666666666,-0.2456666666666666,-0.2456666666666666,0.0,0.0,0.0,0.0,P,PV
4548,pv_1143,0.0,0.0,0.0,0.0,0.0,0.0,0.0,0.0,0.0,0.004435,0.004435,-0.00333665626039,-0.00333665626039,0.00555,0.00555,a,s1s2,0.0,0.0,0.0,0.0,0.0,0.0,0.00555,0.00555,-0.00555,-0.00555,P,PV
4687,pv_1127,0.0,0.0,0.0,0.0,0.0,0.0,0.0,0.0,0.0,0.004435,0.004435,-0.00333665626039,0.00333665626039,0.00555,0.00555,a,s1s2,0.0,0.0,0.0,0.0,0.0,0.0,0.00555,0.00555,-0.00555,-0.00555,P,PV
4705,pv_1083,0.0,0.0,0.0,0.0,0.0,0.0,0.0,0.0,0.0,0.00292,0.00292,0.00219,0.00219,0.00365,0.00365,b,s1s2,0.0,0.0,0.0,0.0,0.0,0.0,0.00365,0.00365,-0.00365,-0.00365,P,PV
4711,pv_1097,0.0,0.0,0.0,0.0,0.0,0.0,0.0,0.0,0.0,0.00665,0.00665,0.005049752469181,0.005049752469181,0.00835,0.00835,a,s1s2,0.0,0.0,0.0,0.0,0.0,0.0,0.00835,0.00835,-0.00835,-0.00835,P,PV
4741,pv_1021,0.0,0.0,0.0,0.0,0.0,0.0,0.0,0.0,0.0,0.00292,0.00292,0.00219,0.00219,0.00365,0.00365,b,s1s2,0.0,0.0,0.0,0.0,0.0,0.0,0.00365,0.00365,-0.00365,-0.00365,P,PV
4780,pv_1017,0.0,0.0,0.0,0.0,0.0,0.0,0.0,0.0,0.0,0.00305,0.00305,-0.0022666053913286,-0.0022666053913286,0.0038,0.0038,c,s1s2,0.0,0.0,0.0,0.0,0.0,0.0,0.0038,0.0038,-0.0038,-0.0038,P,PV
4818,pv_1125,0.0,0.0,0.0,0.0,0.0,0.0,0.0,0.0,0.0,0.00305,0.00305,-0.0022666053913286,-0.0022666053913286,0.0038,0.0038,c,s1s2,0.0,0.0,0.0,0.0,0.0,0.0,0.0038,0.0038,-0.0038,-0.0038,P,PV
4845,pv_1131,0.0,0.0,0.0,0.0,0.0,0.0,0.0,0.0,0.0,0.005085,0.005085,-0.0038033242039037,-0.0038033242039037,0.00635,0.00635,c,s1s2,0.0,0.0,0.0,0.0,0.0,0.0,0.00635,0.00635,-0.00635,-0.00635,P,PV
4886,pv_1121,0.0,0.0,0.0,0.0,0.0,0.0,0.0,0.0,0.0,0.004865,0.004865,-0.0036799150805419,-0.0036799150805419,0.0061,0.0061,b,s1s2,0.0,0.0,0.0,0.0,0.0,0.0,0.0061,0.0061,-0.0061,-0.0061,P,PV
4888,pv_1095,0.0,0.0,0.0,0.0,0.0,0.0,0.0,0.0,0.0,0.004865,0.004865,-0.0035964253085529,-0.0035964253085529,0.00605,0.00605,b,s1s2,0.0,0.0,0.0,0.0,0.0,0.0,0.00605,0.00605,-0.00605,-0.00605,P,PV
4895,lngengine100,0.0,0.0,0.0,0.0103047311637481,-0.0416666666668018,-0.0416666666666666,0.0416666666666666,0.0416666666666666,0.0416666666666666,0.0,0.0,0.0,0.0,0.0,0.0,,abc,0.0416666666666666,0.0416666666666666,0.0416666666666666,-0.0416666666666666,-0.0416666666666666,-0.0416666666666666,0.0,0.0,0.0,0.0,P,PV
4907,pv_1149,0.0,0.0,0.0,0.0,0.0,0.0,0.0,0.0,0.0,0.004435,0.004435,0.00333665626039,-0.00333665626039,0.00555,0.00555,a,s1s2,0.0,0.0,0.0,0.0,0.0,0.0,0.00555,0.00555,-0.00555,-0.00555,P,PV
5031,pv_1025,0.0,0.0,0.0,0.0,0.0,0.0,0.0,0.0,0.0,0.007295,0.007295,0.0054399425548437,0.0054399425548437,0.0091,0.0091,b,s1s2,0.0,0.0,0.0,0.0,0.0,0.0,0.0091,0.0091,-0.0091,-0.0091,P,PV
5072,pv_1171,0.0,0.0,0.0,0.0,0.0,0.0,0.0,0.0,0.0,0.00305,0.00305,-0.0022666053913286,-0.0022666053913286,0.0038,0.0038,c,s1s2,0.0,0.0,0.0,0.0,0.0,0.0,0.0038,0.0038,-0.0038,-0.0038,P,PV
5100,pv_1139,0.0,0.0,0.0,0.0,0.0,0.0,0.0,0.0,0.0,0.01017,0.01017,-0.0076066484078074,-0.0076066484078074,0.0127,0.0127,c,s1s2,0.0,0.0,0.0,0.0,0.0,0.0,0.0127,0.0127,-0.0127,-0.0127,P,PV
5105,diesel620,0.0,0.0,0.0,-0.2583333333333334,-0.2583333333333333,-0.2583333333333333,0.2583333333333333,0.2583333333333333,0.2583333333333333,0.0,0.0,0.0,0.0,0.0,0.0,,abc,0.2583333333333333,0.2583333333333333,0.2583333333333333,-0.2583333333333333,-0.2583333333333333,-0.2583333333333333,0.0,0.0,0.0,0.0,P,PV
5192,pv_1061,0.0,0.0,0.0,0.0,0.0,0.0,0.0,0.0,0.0,0.00305,0.00305,0.0022666053913286,0.0022666053913286,0.0038,0.0038,c,s1s2,0.0,0.0,0.0,0.0,0.0,0.0,0.0038,0.0038,-0.0038,-0.0038,P,PV
5238,pv_1051,0.0,0.0,0.0,0.0,0.0,0.0,0.0,0.0,0.0,0.00305,0.00305,0.0022666053913293,0.0022666053913286,0.0038,0.0038,c,s1s2,0.0,0.0,0.0,0.0,0.0,0.0,0.0038,0.0038,-0.0038,-0.0038,P,PV
5247,pv_1079,0.0,0.0,0.0,0.0,0.0,0.0,0.0,0.0,0.0,0.00305,0.00305,0.0022666053913286,0.0022666053913286,0.0038,0.0038,c,s1s2,0.0,0.0,0.0,0.0,0.0,0.0,0.0038,0.0038,-0.0038,-0.0038,P,PV
